group_id,equipment_process,equipment_maker,equipment_name,equipment_id,utility,size,path_count,unique_poc_count,avg_similarity,max_start_xy_dist,trunk_z,trunk_xy_spread,trunk_path_count,is_estimated,fan_in_z_min,fan_in_z_max,fan_out_z_min,fan_out_z_max,poc_ids
1,CMP,-,kscta01,66fe4277-5d3f-4982-b7ae-b72319263ba2,AKWW,20A,36,7,0.749,4016.6,14699.1,4287.2,36,True,15495.0,15495.0,15495.0,15495.0,61af9d85-97ea-4d2d-bc56-494b117234f9|61af9d85-97ea-4d2d-bc56-494b117234f9|61af9d85-97ea-4d2d-bc56-494b117234f9|61af9d85-97ea-4d2d-bc56-494b117234f9|61af9d85-97ea-4d2d-bc56-494b117234f9|61af9d85-97ea-4d2d-bc56-494b117234f9|7404da16-2d9a-48ba-979a-478b71ebbb49|7404da16-2d9a-48ba-979a-478b71ebbb49|7404da16-2d9a-48ba-979a-478b71ebbb49|7404da16-2d9a-48ba-979a-478b71ebbb49|7404da16-2d9a-48ba-979a-478b71ebbb49|b5c42f37-046a-4ba9-903b-6512f67dbcab|b5c42f37-046a-4ba9-903b-6512f67dbcab|b5c42f37-046a-4ba9-903b-6512f67dbcab|b5c42f37-046a-4ba9-903b-6512f67dbcab|b5c42f37-046a-4ba9-903b-6512f67dbcab|f44605a5-9554-40f2-b90a-6e0ce23a7068|f44605a5-9554-40f2-b90a-6e0ce23a7068|f44605a5-9554-40f2-b90a-6e0ce23a7068|f44605a5-9554-40f2-b90a-6e0ce23a7068|f44605a5-9554-40f2-b90a-6e0ce23a7068|bd91c40b-ef5b-478f-a9fb-31b6ec652c29|bd91c40b-ef5b-478f-a9fb-31b6ec652c29|bd91c40b-ef5b-478f-a9fb-31b6ec652c29|bd91c40b-ef5b-478f-a9fb-31b6ec652c29|bd91c40b-ef5b-478f-a9fb-31b6ec652c29|97e80aa5-0809-40de-83ce-00c29c268095|97e80aa5-0809-40de-83ce-00c29c268095|97e80aa5-0809-40de-83ce-00c29c268095|97e80aa5-0809-40de-83ce-00c29c268095|97e80aa5-0809-40de-83ce-00c29c268095|1877e033-0fd9-4e9d-ad41-3b3489080f8c|1877e033-0fd9-4e9d-ad41-3b3489080f8c|1877e033-0fd9-4e9d-ad41-3b3489080f8c|1877e033-0fd9-4e9d-ad41-3b3489080f8c|1877e033-0fd9-4e9d-ad41-3b3489080f8c
2,METAL,-,SLWHJ02,b7d7e257-54d5-48bf-b77b-73f2191e6445,Ar,1/4B,31,15,0.7386,2837.9,15109.2,4444.1,31,True,-,-,-,-,1cb270c4-7a38-44c3-8658-32402c62f98b|1cb270c4-7a38-44c3-8658-32402c62f98b|1cb270c4-7a38-44c3-8658-32402c62f98b|8db32389-232b-400a-9cbb-4a7ffca27fc6|8db32389-232b-400a-9cbb-4a7ffca27fc6|8db32389-232b-400a-9cbb-4a7ffca27fc6|92551b55-7ffc-4bb8-b9bd-011167f28617|92551b55-7ffc-4bb8-b9bd-011167f28617|a8a2ad56-7041-4f9c-aa00-0f9bb5ba570d|a8a2ad56-7041-4f9c-aa00-0f9bb5ba570d|16c97265-a5e1-42b3-954f-0bf35137edd5|16c97265-a5e1-42b3-954f-0bf35137edd5|252c2fc8-95a1-48fc-a708-e8a769fca265|252c2fc8-95a1-48fc-a708-e8a769fca265|dae692eb-c902-40a8-8282-f698b5c370bf|dae692eb-c902-40a8-8282-f698b5c370bf|dae692eb-c902-40a8-8282-f698b5c370bf|b985b848-72e1-49ce-8ef9-9b543dd095ad|b985b848-72e1-49ce-8ef9-9b543dd095ad|d962180a-daed-437b-91fc-882a5eb3ac21|d962180a-daed-437b-91fc-882a5eb3ac21|8fd60ae9-da8a-4db7-a8af-7432f5367932|058d064c-1b8d-44d8-9767-a85e0da41bec|058d064c-1b8d-44d8-9767-a85e0da41bec|2b304490-caa6-4629-a04d-60e01f636aae|0c5f5a61-d33c-4dcb-babf-82edc4f007e6|0c5f5a61-d33c-4dcb-babf-82edc4f007e6|00e59291-15a8-4fa5-a965-c15374595463|00e59291-15a8-4fa5-a965-c15374595463|52fc01ac-b7cf-41ad-841b-cc30ea23004e|52fc01ac-b7cf-41ad-841b-cc30ea23004e
3,CMP,-,kscta01,66fe4277-5d3f-4982-b7ae-b72319263ba2,UPW_S,25A,26,7,0.6273,3039.0,14750.0,6006.8,26,True,15495.0,15495.0,15495.0,15495.0,adb56770-9974-4a02-b8fb-318fd320d6b3|adb56770-9974-4a02-b8fb-318fd320d6b3|adb56770-9974-4a02-b8fb-318fd320d6b3|adb56770-9974-4a02-b8fb-318fd320d6b3|4c26c113-83ac-4c2f-b442-314e8ed191e1|4c26c113-83ac-4c2f-b442-314e8ed191e1|90f17d8b-c0f0-4b57-8320-c4b320f662da|90f17d8b-c0f0-4b57-8320-c4b320f662da|9028682b-5a1a-46b1-b725-8c110888c99a|9028682b-5a1a-46b1-b725-8c110888c99a|9028682b-5a1a-46b1-b725-8c110888c99a|9028682b-5a1a-46b1-b725-8c110888c99a|9028682b-5a1a-46b1-b725-8c110888c99a|9028682b-5a1a-46b1-b725-8c110888c99a|9028682b-5a1a-46b1-b725-8c110888c99a|9028682b-5a1a-46b1-b725-8c110888c99a|c80e0783-c4a9-4867-bb11-3519ac47dfc1|c80e0783-c4a9-4867-bb11-3519ac47dfc1|c80e0783-c4a9-4867-bb11-3519ac47dfc1|c80e0783-c4a9-4867-bb11-3519ac47dfc1|74171778-37ec-4b7c-b0ae-18fba0910202|74171778-37ec-4b7c-b0ae-18fba0910202|74171778-37ec-4b7c-b0ae-18fba0910202|74171778-37ec-4b7c-b0ae-18fba0910202|e3086dcf-503a-425e-8f4b-2856c1ae2901|e3086dcf-503a-425e-8f4b-2856c1ae2901
4,METAL,-,SLWHJ02,b7d7e257-54d5-48bf-b77b-73f2191e6445,PN2,1/4B,16,5,0.7315,2808.1,15109.5,4388.1,16,True,-,-,-,-,99a28835-815e-4288-9565-c22f7a0a83c2|99a28835-815e-4288-9565-c22f7a0a83c2|99a28835-815e-4288-9565-c22f7a0a83c2|99a28835-815e-4288-9565-c22f7a0a83c2|9fef0329-c045-4578-bd21-dbd63f9a4de1|9fef0329-c045-4578-bd21-dbd63f9a4de1|9fef0329-c045-4578-bd21-dbd63f9a4de1|d08af87d-80f0-459f-bc88-eb7d1ff85ef4|d08af87d-80f0-459f-bc88-eb7d1ff85ef4|d08af87d-80f0-459f-bc88-eb7d1ff85ef4|89e5d182-bf09-4db5-bfb6-72fa7f163c56|89e5d182-bf09-4db5-bfb6-72fa7f163c56|89e5d182-bf09-4db5-bfb6-72fa7f163c56|4232693d-b27d-4849-9090-488dc6728fca|4232693d-b27d-4849-9090-488dc6728fca|4232693d-b27d-4849-9090-488dc6728fca
5,METAL,-,SLWHJ02,b7d7e257-54d5-48bf-b77b-73f2191e6445,Ar,1/4B,15,15,0.7625,2837.9,13600.9,3656.3,15,False,14965.0,15495.0,12254.9,12637.3,1cb270c4-7a38-44c3-8658-32402c62f98b|8db32389-232b-400a-9cbb-4a7ffca27fc6|92551b55-7ffc-4bb8-b9bd-011167f28617|a8a2ad56-7041-4f9c-aa00-0f9bb5ba570d|16c97265-a5e1-42b3-954f-0bf35137edd5|252c2fc8-95a1-48fc-a708-e8a769fca265|dae692eb-c902-40a8-8282-f698b5c370bf|b985b848-72e1-49ce-8ef9-9b543dd095ad|d962180a-daed-437b-91fc-882a5eb3ac21|8fd60ae9-da8a-4db7-a8af-7432f5367932|058d064c-1b8d-44d8-9767-a85e0da41bec|2b304490-caa6-4629-a04d-60e01f636aae|0c5f5a61-d33c-4dcb-babf-82edc4f007e6|00e59291-15a8-4fa5-a965-c15374595463|52fc01ac-b7cf-41ad-841b-cc30ea23004e
6,CLEAN,-,WTNHJ02_,c480262e-d022-45e5-81e0-c30544295ba2,-,1/2B,11,10,0.7502,4160.0,15140.0,6054.5,11,True,-,-,-,-,293286d2-c214-4c96-8024-cb47775a593a|a04dc7ad-39a7-474f-a929-22ca8178edcf|293f3198-8613-4883-abb9-622bfbf96e53|c789b935-73ca-4329-a746-f02aeb82c99d|5d3cd53a-d074-458a-b6c1-56434f8606b6|d0b38e6d-3e26-4712-b8f5-80984f61b797|034b2cc4-706b-42e3-bf59-8a7831d413ac|2c562f2d-7957-424b-b999-bc891cce1c58|36f6875d-9328-4457-bbc0-115297db8973|36f6875d-9328-4457-bbc0-115297db8973|b838c114-3ff8-41f1-8b31-cd03961403f6
7,ETCH,TEST,ELOHJ07,4dbf9af6-759a-4c99-a2bc-845fd0bc2b81,PN2,1/4B,11,5,0.7199,1953.1,15138.7,3432.7,11,True,-,-,-,-,c2916053-d5a6-4fbe-b1f1-3b362c35de47|c2916053-d5a6-4fbe-b1f1-3b362c35de47|c2916053-d5a6-4fbe-b1f1-3b362c35de47|cbf9d256-01d6-4e12-b815-a4f16dffaa26|cbf9d256-01d6-4e12-b815-a4f16dffaa26|d4c307f8-fc02-4fc8-a96b-299ed5e1b044|d4c307f8-fc02-4fc8-a96b-299ed5e1b044|e1593423-4887-441a-b78f-63dbb8fb408d|e1593423-4887-441a-b78f-63dbb8fb408d|3d0703de-fcd4-4407-83b7-4adbe183a347|3d0703de-fcd4-4407-83b7-4adbe183a347
8,CLEAN,-,WTNHJ02_,c480262e-d022-45e5-81e0-c30544295ba2,HOT DI_S,40A,10,5,0.7589,4100.0,13600.0,5214.1,4,False,14899.8,15495.0,12769.9,13160.2,e3d463cf-d483-4e90-b01f-5bb8114535df|e3d463cf-d483-4e90-b01f-5bb8114535df|7a205a2b-0c09-4043-b7b2-b3cdc976740c|7a205a2b-0c09-4043-b7b2-b3cdc976740c|dadca1a9-c04f-4518-adc9-b77a22897dbf|dadca1a9-c04f-4518-adc9-b77a22897dbf|f81d217e-1f4c-433a-a5e6-ce9690ef5a9d|f81d217e-1f4c-433a-a5e6-ce9690ef5a9d|cf33a9fe-0d3b-4035-9907-59076a353b01|cf33a9fe-0d3b-4035-9907-59076a353b01
9,CLEAN,-,WTNHJ02_,c480262e-d022-45e5-81e0-c30544295ba2,UPW_S,40A,10,5,0.7558,4100.0,13600.0,5246.2,4,False,14699.8,15495.0,12769.9,13160.2,c8e9073f-0d2e-4d2b-88fe-2585049a3ddc|c8e9073f-0d2e-4d2b-88fe-2585049a3ddc|9b28dfda-86d5-499d-8147-4a195d9c6a80|9b28dfda-86d5-499d-8147-4a195d9c6a80|776d30bb-86f7-4a92-980c-275523c206a7|776d30bb-86f7-4a92-980c-275523c206a7|2801e2d1-3c29-49cf-bf44-1d722c4f58c6|2801e2d1-3c29-49cf-bf44-1d722c4f58c6|a868cc95-ce63-44f6-b2d9-3cc7283e5e6e|a868cc95-ce63-44f6-b2d9-3cc7283e5e6e
10,METAL,-,SLWHJ02,b7d7e257-54d5-48bf-b77b-73f2191e6445,PA,1/4B,10,3,0.6928,2635.7,15306.9,4672.7,7,False,-,-,12254.9,13606.0,b4a80908-f3cc-4d28-8486-167194ce25eb|b4a80908-f3cc-4d28-8486-167194ce25eb|b4a80908-f3cc-4d28-8486-167194ce25eb|b4a80908-f3cc-4d28-8486-167194ce25eb|63f06de1-94ca-4a1a-a2b2-75ab7afbd469|63f06de1-94ca-4a1a-a2b2-75ab7afbd469|63f06de1-94ca-4a1a-a2b2-75ab7afbd469|5c14d9ba-570a-43fe-b7a4-3983756331bc|5c14d9ba-570a-43fe-b7a4-3983756331bc|5c14d9ba-570a-43fe-b7a4-3983756331bc
11,CLEAN,-,WTNHJ02_,c480262e-d022-45e5-81e0-c30544295ba2,UPW_S,25A,10,3,0.6669,4608.1,13350.0,5367.9,10,False,14699.8,15495.0,12769.9,12782.6,d0bdbe16-3347-4a82-b7be-37a40af0dc5b|d0bdbe16-3347-4a82-b7be-37a40af0dc5b|d0bdbe16-3347-4a82-b7be-37a40af0dc5b|d0bdbe16-3347-4a82-b7be-37a40af0dc5b|0b7fa9b6-de74-45cd-94be-3e0ae7959541|0b7fa9b6-de74-45cd-94be-3e0ae7959541|0b7fa9b6-de74-45cd-94be-3e0ae7959541|0b7fa9b6-de74-45cd-94be-3e0ae7959541|675ebab3-2278-458a-97b5-8754c896d75f|675ebab3-2278-458a-97b5-8754c896d75f
12,ETCH,TEST,ELOHJ07,4dbf9af6-759a-4c99-a2bc-845fd0bc2b81,O2,1/4B,9,4,0.7859,120.0,15152.2,964.6,9,False,-,-,-,-,eafaac46-e250-49d9-b19c-9a32fc94a138|eafaac46-e250-49d9-b19c-9a32fc94a138|eafaac46-e250-49d9-b19c-9a32fc94a138|32a674e4-7efe-42b9-a04f-e4b57259c7af|32a674e4-7efe-42b9-a04f-e4b57259c7af|ba7de456-132d-4627-8273-d8d515136a92|ba7de456-132d-4627-8273-d8d515136a92|360b7d7d-ff15-4022-8160-e43b186f2860|360b7d7d-ff15-4022-8160-e43b186f2860
13,PHOTO,TEST,PSTWA03,3317d1fa-ec47-4d85-a5c5-7d23c64ebd02,OWW,25A,9,4,0.7541,3734.5,14750.0,4227.3,9,True,15452.0,15495.0,15452.0,15495.0,5cc843cd-6307-4f27-b414-f8bde9d4a15e|5cc843cd-6307-4f27-b414-f8bde9d4a15e|5cc843cd-6307-4f27-b414-f8bde9d4a15e|4e4342de-c21a-4cf4-becb-c3da9cfedc02|4e4342de-c21a-4cf4-becb-c3da9cfedc02|6dc0e809-5930-42e4-9e1a-930bbd3d895e|6dc0e809-5930-42e4-9e1a-930bbd3d895e|fa9210cb-349b-4e13-a393-bfca14ff1ae8|fa9210cb-349b-4e13-a393-bfca14ff1ae8
14,CMP,-,kscta01,66fe4277-5d3f-4982-b7ae-b72319263ba2,UPW_S,25A,8,3,0.7519,448.5,14750.0,2661.9,8,False,15495.0,15495.0,15495.0,15495.0,adb56770-9974-4a02-b8fb-318fd320d6b3|adb56770-9974-4a02-b8fb-318fd320d6b3|adb56770-9974-4a02-b8fb-318fd320d6b3|adb56770-9974-4a02-b8fb-318fd320d6b3|4c26c113-83ac-4c2f-b442-314e8ed191e1|4c26c113-83ac-4c2f-b442-314e8ed191e1|90f17d8b-c0f0-4b57-8320-c4b320f662da|90f17d8b-c0f0-4b57-8320-c4b320f662da
15,ETCH,TEST,ELOHJ07,4dbf9af6-759a-4c99-a2bc-845fd0bc2b81,GN2,1/4B,8,6,0.6316,2665.0,15274.8,2665.0,8,True,-,-,-,-,776cbd6a-de4d-4f13-a073-90906b91b5c7|776cbd6a-de4d-4f13-a073-90906b91b5c7|f8d45263-20de-4375-b5db-26c7bcfef5dd|f8d45263-20de-4375-b5db-26c7bcfef5dd|8b0595c3-de30-41fb-8f6f-615e6d3d8999|b10cbff6-7197-4d7a-be0b-bbee9e733151|9d0d04ba-3f1f-46da-8727-e34af766fec7|18e258b9-a272-4429-9708-3ade1c5fb075
16,METAL,samsung,Comp_Pump_KAS_SDE30M20-LT_9??,0a0be602-d2a4-4363-b62c-cafa96019df6,-,100A,7,1,0.966,0.0,-,-,-,False,-,-,-,-,fc8fa181-0ec1-40c0-be17-59d8313d8991|fc8fa181-0ec1-40c0-be17-59d8313d8991|fc8fa181-0ec1-40c0-be17-59d8313d8991|fc8fa181-0ec1-40c0-be17-59d8313d8991|fc8fa181-0ec1-40c0-be17-59d8313d8991|fc8fa181-0ec1-40c0-be17-59d8313d8991|fc8fa181-0ec1-40c0-be17-59d8313d8991
17,CLEAN,-,WTNHJ02_,c480262e-d022-45e5-81e0-c30544295ba2,ACID,150A,7,7,0.8743,3535.0,13398.3,5001.2,7,True,14639.3,15495.0,-,-,a2c2f48d-62ed-46c6-9825-9184f4792085|e993fe65-c1e0-4cd1-8346-67b6d7acda26|7606c182-c938-4fc3-ab17-9217ca6a4bea|880295f7-b5a7-435e-936b-0eac083ce23c|c1a3aa60-9bca-433f-a50b-e47f94858381|361439c4-2a39-4839-9edc-cfeaf690f379|04d6e216-2bbf-47a3-999b-c42060b60818
18,ETCH,TEST,ELOHJ07,4dbf9af6-759a-4c99-a2bc-845fd0bc2b81,PA,1/4B,7,3,0.7507,1892.4,15136.7,3379.5,7,False,-,-,-,-,53dd8347-bdd0-4abb-8b92-743d3e454f43|53dd8347-bdd0-4abb-8b92-743d3e454f43|53dd8347-bdd0-4abb-8b92-743d3e454f43|2931fd16-4ae8-4998-a76f-b707b48575d7|2931fd16-4ae8-4998-a76f-b707b48575d7|4ae06fe3-1a4c-4bf2-98bd-6d8b232c7397|4ae06fe3-1a4c-4bf2-98bd-6d8b232c7397
19,CLEAN,-,WTNHJ02_,c480262e-d022-45e5-81e0-c30544295ba2,NEU,50A,6,6,0.7718,4821.3,13486.1,1500.0,3,False,15000.3,15495.0,-,-,aced1caa-5363-4586-aefa-764b97df9794|fd834507-dba8-4b13-807d-e751ed336b91|7397a579-bc1e-4934-8ebb-c7516f6e4805|3efbdd19-a01f-4c3a-8f3b-aa9b8db8660d|a631c572-cdf1-4389-9423-1beb440e5637|76f257d0-98a0-492f-9061-9579014cbda6
20,CMP,-,kscta01,66fe4277-5d3f-4982-b7ae-b72319263ba2,ALKA,100A,6,6,0.7292,830.5,14830.0,4842.2,6,True,15495.0,15495.0,17000.0,17000.0,e0a5bb05-6d8f-4a23-a8ca-4dd3e6416c4f|4e98ce54-f730-4c74-9677-4c8f7ff0983d|c6aee6ca-0ca5-4a33-9947-5e3695a4bbb4|0d676e77-6fd0-4655-a5be-af20b82a082a|fc34cf28-cb57-4af2-86eb-2261a95407cc|3424271a-5b83-4860-b675-73a953de2d75
21,CMP,-,kscta01,66fe4277-5d3f-4982-b7ae-b72319263ba2,ALKA,65A,5,5,0.7818,3431.6,14820.0,6353.8,5,True,15352.5,15495.0,17000.0,17000.0,d914a43e-c878-496e-8030-48b48d17ee22|cae048f3-3e2e-41a2-b597-c764732ff12a|d3eacff7-de5d-4b98-b074-48eb53e8ee22|3c807e98-23e0-4b70-9781-c82465547c1a|48ddf0b3-11d9-434f-b587-5de75e8cde86
22,METAL,-,SLWHJ02,b7d7e257-54d5-48bf-b77b-73f2191e6445,PN2,1/4B,5,5,0.7472,2808.1,13599.9,3721.0,5,False,14965.0,15495.0,12254.9,12339.7,99a28835-815e-4288-9565-c22f7a0a83c2|9fef0329-c045-4578-bd21-dbd63f9a4de1|d08af87d-80f0-459f-bc88-eb7d1ff85ef4|89e5d182-bf09-4db5-bfb6-72fa7f163c56|4232693d-b27d-4849-9090-488dc6728fca
23,DIFF,-,DANHJ14,9696f5bb-6472-4942-9a6a-66cbe0e1da53,PN2,1/8B,4,4,0.9897,195.0,13360.4,2019.7,4,False,14681.0,15455.5,12321.7,12561.1,09b91176-5a61-4b5a-a158-c1e2cd5e69f2|98153e8f-7d8e-48d1-9ac8-932d3d11db8f|879ec375-ecc0-4252-b1a6-3b64e2e81491|96468def-c655-4ab4-9009-1f686ce1fdc1
24,ETCH,TEST,ELOHJ07,4dbf9af6-759a-4c99-a2bc-845fd0bc2b81,PUMP,50A,4,4,0.8175,2403.2,-,-,-,False,-,-,-,-,b0aa31ec-2559-4cbb-8047-f3f1f6daafed|7290145d-afa9-45b2-a265-9b4d16774ed8|64ce731f-e3e7-4b1c-9638-fe0c592d03b8|984c1024-148e-4d15-a780-b2f3e9f3e4dd
25,PHOTO,TEST,PSTWA03,3317d1fa-ec47-4d85-a5c5-7d23c64ebd02,PV,1/2B,4,4,0.8049,2463.2,10802.3,1210.9,4,False,13493.7,15495.0,-,-,1ed77514-4633-4c7b-bb7e-08df29956986|9b7da154-c1b4-4ee2-b316-aba496205465|b6740c99-ead4-4633-b331-d2179f9c7967|433fe50b-1d49-4cb7-a1ca-d9461ce52104
26,METAL,-,SLWHJ02,b7d7e257-54d5-48bf-b77b-73f2191e6445,-,1/2B,4,4,0.7844,1460.9,15154.1,3972.4,4,False,-,-,-,-,28842927-dd90-43f0-a9b0-2e02d6655fb5|58861b46-4676-4e8f-b84d-543be9ee51ef|c36b20b9-973b-44e1-a480-4e6ed5f1dc9d|2ffe6c74-30a2-4c40-93e1-bd6a9ac76012
27,CLEAN,-,WTNHJ02_,c480262e-d022-45e5-81e0-c30544295ba2,NW,1/2B,4,4,0.7713,3075.0,12211.8,10076.5,4,False,14760.0,15495.0,-,-,627e4092-9de5-4936-8830-abec025e5e85|dcb187e4-cdbd-4c85-a103-eec837d4a1fc|1a877d03-ca1a-4bb4-93fa-9c8d48feeb7d|aa45a6e2-071c-4a20-8bc7-d0536ea46254
28,METAL,-,SLWHJ02,b7d7e257-54d5-48bf-b77b-73f2191e6445,H2,1/4B,4,4,0.7484,2299.8,13601.0,2704.7,4,False,14965.0,15495.0,12210.0,12650.0,b0b6beb1-6003-447d-8191-6901090edbdd|84c629ab-a3f6-425d-a555-c9e022fe7b82|82f5fcdb-bb31-43e2-a301-c16195e178df|6f45ad0a-3e82-4b5d-974b-bcf2f6328870
29,PHOTO,TEST,PSTWA03,3317d1fa-ec47-4d85-a5c5-7d23c64ebd02,OWW,25A,4,4,0.7127,3734.5,13538.8,3344.7,4,False,14750.0,15495.0,-,-,5cc843cd-6307-4f27-b414-f8bde9d4a15e|4e4342de-c21a-4cf4-becb-c3da9cfedc02|6dc0e809-5930-42e4-9e1a-930bbd3d895e|fa9210cb-349b-4e13-a393-bfca14ff1ae8
30,METAL,-,SLWHJ02,b7d7e257-54d5-48bf-b77b-73f2191e6445,PV_VENT,1/4B,4,4,0.689,2378.2,15015.3,2888.8,4,False,15495.0,15495.0,-,-,7cffb761-a474-4634-b11c-29e91a65fd8a|0f3f642e-60a7-4f0d-9705-706ccefae114|691c8b79-f280-402d-a281-9c2498cdce37|c2a2e7cd-0ac3-480a-8045-953742ae9877
31,CMP,-,kscta01,66fe4277-5d3f-4982-b7ae-b72319263ba2,ALKA,50A,3,3,0.9201,1521.5,14766.7,5592.0,3,False,15337.5,15495.0,17000.0,17000.0,0dc415c5-b50b-4819-8458-a234ac600805|0457f5d5-245c-4cd9-9a7d-6577f157ed18|81d2348c-87a8-4cae-8238-bbc05b3658e2
32,METAL,-,VMB_WF6_VMHYT,a7bca915-14b6-4063-8c4f-8e0f6559edc2,WF6,1/4B,3,3,0.8837,160.0,10551.0,692.3,3,False,9995.0,9995.0,13600.0,15495.0,0d9c37f0-bc73-44e3-a7ee-3c16b35c234c|379cf567-cab7-49db-99d2-49c865994e6d|e579384a-4a3a-48e6-8f2f-c3d56842abe0
33,CLEAN,-,WTNHJ02_,c480262e-d022-45e5-81e0-c30544295ba2,NW,1B,3,3,0.8025,2050.0,11964.2,9293.6,3,False,14885.0,15495.0,12372.7,12780.6,f251189d-fcea-43f5-af5c-f478e8be437d|cc197f53-7470-49a4-ba6c-ae7514da7c76|d7fdd9fa-01b5-4835-8164-4739c5616079
34,CLEAN,-,WTNHJ02_,c480262e-d022-45e5-81e0-c30544295ba2,NW,3/4B,3,3,0.8013,4615.4,11963.2,8877.8,3,False,15035.0,15495.0,12372.7,12780.6,dcaae8cc-4d6c-4e41-be61-71947f8407cb|8c0eeb03-b9fa-4e2e-9c38-c45cf16d433b|0c6df762-ceb1-46eb-85fb-d612d6221dde
35,METAL,-,SLWHJ02,b7d7e257-54d5-48bf-b77b-73f2191e6445,Foreline,100A,2,2,0.9914,686.1,-,-,-,False,-,-,-,-,c157c0cf-5a79-4073-bd2e-687b0ba77364|03add684-7a89-4124-8747-6089625c3429
36,DIFF,-,DANHJ14,9696f5bb-6472-4942-9a6a-66cbe0e1da53,GN2,1/8B,2,2,0.9849,205.7,13362.0,2922.4,2,False,14600.4,15455.5,12168.2,12590.8,8e67f73e-445c-482f-9d3c-bdd1905fd6b6|590729b9-edc3-4f7f-afb0-d6adf6352666
37,ETCH,-,VMB_C4F8_VMHYT,9a8061a6-ad87-484e-b0c8-088229ce126b,C4F8,8A,2,2,0.9187,80.0,11640.3,1786.1,2,False,9995.4,10777.5,13220.0,15495.0,e9e8f00e-a35b-4340-94d3-92352c4920f7|26d9a391-46ab-4818-82f8-e02db6b42768
38,DIFF,-,DANHJ14,9696f5bb-6472-4942-9a6a-66cbe0e1da53,Foreline,100A,2,2,0.9134,650.0,-,-,-,False,-,-,-,-,6bde945d-1a05-4a90-a370-3020bdc3483f|e67a68c4-5adf-48bd-92a7-9164fd405a73
39,DIFF,-,Scrubber_001,50e309c5-b5a2-4bd7-90af-e797f4df80b4,PFC,50A,2,2,0.9096,150.3,6236.2,1932.8,2,False,4149.5,5001.1,5548.5,5643.0,d2cc11c6-48b8-49f9-9dbc-909b3013b1ac|5cb39ebc-678f-440d-a6d2-e027d6af06a9
40,METAL,-,SLWHJ02,b7d7e257-54d5-48bf-b77b-73f2191e6445,-,3/8B,2,2,0.896,25.0,15155.0,1883.7,2,False,-,-,-,-,e90af5bf-041d-4972-86fa-a51d899aea3d|38c27c77-c3bf-4017-b0bb-78fa2c157847
41,METAL,-,SLWHJ02,b7d7e257-54d5-48bf-b77b-73f2191e6445,WF6,1/4B,2,2,0.8802,2165.7,10551.0,692.3,2,False,13600.0,15495.0,9995.0,9995.0,7ea69d21-3036-4d42-bdb9-45fdcc782209|65413de9-7807-4bf1-bc0a-7c6fa48f21c8
42,PHOTO,TEST,PSTWA03,3317d1fa-ec47-4d85-a5c5-7d23c64ebd02,T3(ArF),25A,2,2,0.8711,1665.5,13540.9,3128.9,2,False,14750.0,15495.0,13101.5,13106.8,a2f54b79-4e75-4f6a-be7d-56fb6b0b91ef|46e0264b-0eb9-4985-9e5d-66aac5d13c59
43,METAL,-,SLWHJ02,b7d7e257-54d5-48bf-b77b-73f2191e6445,NF3,1/4B,2,2,0.8683,2157.1,10551.0,470.7,2,False,13600.0,15495.0,9995.0,9995.0,c712bbc4-d9c1-4e68-8d0a-96fa79692a8e|687767f6-3936-4158-b25c-83b0f4b8429f
44,METAL,samsung,Comp_Pump_KAS_MU300P_9??,9da64596-4fc6-43d3-8c8c-61eaec322aa5,-,20A,2,2,0.8375,27.1,15155.0,1375.9,2,False,14596.5,14633.5,-,-,5f11e7f4-fd28-403b-93d2-784f3de8a708|73937ac6-b691-4e66-945d-733fad39cff1
45,METAL,-,SLWHJ02,b7d7e257-54d5-48bf-b77b-73f2191e6445,Foreline,50A,2,2,0.8342,120.2,15319.0,2003.6,2,False,-,-,-,-,6daadd1e-7fed-4607-b991-648fda87bbbc|d4875a71-98c2-45da-923c-bd7cd5d3a34e
46,DIFF,-,Scrubber_001,50e309c5-b5a2-4bd7-90af-e797f4df80b4,PFC,50A,2,2,0.82,150.3,4660.6,789.6,2,False,4149.5,4179.8,4149.5,4179.8,d2cc11c6-48b8-49f9-9dbc-909b3013b1ac|5cb39ebc-678f-440d-a6d2-e027d6af06a9
47,ETCH,TEST,ELOHJ07,4dbf9af6-759a-4c99-a2bc-845fd0bc2b81,CH2F2,1/4B,2,2,0.8191,100.0,14964.8,313.8,2,False,15495.0,15495.0,9995.4,13303.2,e662203d-1541-4e88-b1e2-3cdca59b7e76|5a6f273c-d354-4340-a141-1818c0c2f1ab
48,CLEAN,-,WTNHJ02_,c480262e-d022-45e5-81e0-c30544295ba2,UPW_S,20A,2,1,0.8074,0.0,14699.8,1744.9,2,False,15200.3,15495.0,12769.9,13600.0,da6e23b4-0f82-4544-8b96-e897ebdf9cac|da6e23b4-0f82-4544-8b96-e897ebdf9cac
49,CLEAN,-,WTNHJ02_,c480262e-d022-45e5-81e0-c30544295ba2,HOT DI_S,20A,2,1,0.8007,0.0,14899.8,2553.2,2,False,15495.0,15495.0,12769.9,13600.0,76168a2c-9b11-4b10-850f-9ea1bb6fbf27|76168a2c-9b11-4b10-850f-9ea1bb6fbf27
50,METAL,-,SLWHJ02,b7d7e257-54d5-48bf-b77b-73f2191e6445,Foreline,50A,2,2,0.792,1265.4,-,-,-,False,-,-,-,-,ee10eab0-dc29-4a4a-a2eb-ea7792a3ed4b|80ae15a0-4164-4a5c-9f57-17d2c038c665
51,METAL,-,SLWHJ02,b7d7e257-54d5-48bf-b77b-73f2191e6445,PA,3/8B,2,1,0.7688,0.0,15154.9,4672.7,2,True,-,-,-,-,63093af2-45c0-45b4-844a-4522a2ed18c2|63093af2-45c0-45b4-844a-4522a2ed18c2
52,PHOTO,TEST,PSTWA03,3317d1fa-ec47-4d85-a5c5-7d23c64ebd02,-,3/4B,2,2,0.7651,60.0,13600.0,2655.6,2,False,15136.8,15495.0,11096.0,11166.2,e960a6fe-1a22-4a16-bb47-7420c8f252c6|25eebf81-7f8d-49df-979e-c7ef87bb4e16
53,ETCH,-,VMB_CH2F2_VMHYT,dc0a80ba-8283-4251-9e3a-37d31058d392,CH2F2,1/4B,2,2,0.7613,80.0,14964.8,313.8,2,False,9995.4,13303.2,15495.0,15495.0,561c7a60-9eb3-47c2-9095-899ecb6eaa2e|6bf24d46-d3f8-4d9c-aee5-b80065801f9a
54,DIFF,samsung,Comp_Pump_KAS_MU300P_9??,a81d5b97-c435-4225-9347-fea730069d96,-,1/2B,2,2,0.7556,50.0,5415.8,4250.7,2,False,3520.0,4200.9,-,-,76b7bdda-7218-44fe-b7da-fe1c5bd9eae3|ab6f8e8a-b0ca-4d3e-a537-ee5ecc0cf4c9
55,METAL,-,SLWHJ02,b7d7e257-54d5-48bf-b77b-73f2191e6445,PA,1/2B,2,2,0.7108,136.1,13600.9,3427.4,2,False,14965.0,15495.0,12254.9,12597.0,7c487c1c-8840-4852-96c3-7c22556d14cb|8be2bed2-29c1-442a-8555-fdba335d1ee2
56,CLEAN,-,WTNHJ02_,c480262e-d022-45e5-81e0-c30544295ba2,T2(IPA),3/4B,2,2,0.7081,188.6,14795.0,1575.0,2,False,15495.0,15495.0,13130.4,13300.3,342137f4-937d-4683-ba3b-570d31d2c5e0|86b4be9f-d440-415b-9bd6-7ec7f1a39ea0
57,ETCH,TEST,ELOHJ07,4dbf9af6-759a-4c99-a2bc-845fd0bc2b81,C4F6,1/4B,2,2,0.7041,142.2,11639.7,3255.2,2,False,13219.4,15495.0,9995.4,10774.3,290d54e7-e0cf-4496-be7e-67e5a428de5a|0f8544f3-63ba-4b03-b5bd-4c6e12d954ae
58,ETCH,TEST,VMB_C4F6_VMHYT,15e8bde3-e097-46ac-8e76-34c018e21e4c,C4F6,1/4B,2,2,0.7041,80.0,11639.7,3255.2,2,False,9995.4,10774.3,13219.4,15495.0,e2c6dc6c-9e1c-476e-ac0e-dc2097be8a60|bf51881e-ed76-4e92-acea-c7ceb4cb7b1c
